{
    "name": "instaslider",
    "title": "instaSlider",
    "description": "A lightweight jQuery image slider / carousel plugin that populates content from an Instagram hashtag or username.",
    "keywords": [
        "slider",
        "instagram",
        "hashtag",
        "image",
        "animation"
    ],
    "version": "0.2.0",
    "author": {
        "name": "Chris Till",
        "email": "christill89@gmail.com",
        "url": "http://iamchristill.com"
    },
    "maintainers": [
        {
            "name": "Chris Till",
            "email": "christill89@gmail.com",
            "url": "http://iamchristill.com"
        }
    ],
    "licenses": [
        {
            "type": "MIT",
            "url": "https://github.com/christill89/instaslider/blob/master/license.txt"
        }
    ],
    "bugs": "https://github.com/christill89/instaslider/issues",
    "homepage": "http://christill89.github.io/instaslider/",
    "docs": "http://christill89.github.io/instaslider/",
    "download": "https://github.com/christill89/instaslider/archive/master.zip",
    "dependencies": {
        "jquery": ">=1.5"
    }
}